m,mean,std,count,se
0,0.0,0.0,24,0.0
1,0.0013954171608618537,0.0064281461721019525,24,0.0013121398428062236
2,0.0008817870166744703,0.009292732831045748,24,0.0018968711460059203
3,-0.0004137621617989794,0.010541482931602923,24,0.002151771192890442
4,-0.0008928291435802292,0.013704319752415416,24,0.0027973825554468723
5,-9.145694620927582e-05,0.015911797331593286,24,0.0032479820294152085
6,-0.0004334255583954687,0.015537171433982077,24,0.003171511838283575
7,-0.0009517608933477365,0.01594015147599924,24,0.0032537697949058565
8,-0.0012908469779465883,0.01913840725610375,24,0.003906611022252774
9,-0.001719986009789863,0.01844258468282247,24,0.0037645768342486497
10,-0.0006233395514695755,0.0183660678263786,24,0.0037489578963312105
11,-0.001152459117083851,0.017044597363492585,24,0.0034792138676453576
12,-0.002044241647845235,0.016706486487167976,24,0.003410197274021977
13,-0.0010791037610437591,0.017536914294829568,24,0.003579707640437727
14,-0.0008877676952841427,0.01798715829236494,24,0.0036716133115804427
15,-0.0020693837184855113,0.01976848182249511,24,0.004035224454549791
16,-0.0011282304831733705,0.01912763607441964,24,0.0039044123639983674
17,-0.00026727738369012693,0.019579677380643732,24,0.003996684909240886
18,-0.00040434142760010263,0.021283318253303034,24,0.004344439146154648
19,-0.0008202688206764389,0.021262339941926837,24,0.004340156966276572
20,-0.001218551647394564,0.02145943628964857,24,0.004380389089783607
21,-0.0012532748525516239,0.02187068110199299,24,0.004464334085584477
22,-0.0025045096924104665,0.022695333102198446,24,0.0046326654702402185
23,-0.0021782383674063084,0.02425268486463425,24,0.004950558567572869
24,-0.001977504342593665,0.023755560865784925,24,0.004849083556233471
25,-0.0016152542386995642,0.024458361751791127,24,0.004992542186357731
26,-0.0022383783002919377,0.024981442478524667,24,0.005099315592589512
27,-0.0016187281829150035,0.024570137851527573,24,0.005015358387173792
28,-0.00193668991284861,0.024378986571225395,24,0.004976339795472121
29,-0.0021542843218681444,0.02507058493608267,24,0.005117511720542414
30,-0.0020486213300034465,0.026386476136151818,24,0.0053861168869747495
31,-0.001827903803850912,0.026218610967904964,24,0.0053518515529921455
32,-0.002303992161600169,0.02559626913026693,24,0.0052248165573422125
33,-0.0020370852078992314,0.024243571248302564,24,0.004948698258429192
34,-0.00250858690250559,0.02517667632615691,24,0.005139167534857785
35,-0.002698845426004635,0.02488265367209011,24,0.005079150411917576
36,-0.0029533317901791743,0.025314854739459856,24,0.005167373085362754
37,-0.002707972499655972,0.025664526780383033,24,0.005238749591827702
38,-0.0019168059409251411,0.025625343274181155,24,0.005230751292117054
39,-0.002444413399857409,0.026021550832304716,24,0.005311626821253457
40,-0.002859939579268443,0.025361806991387077,24,0.005176957173654112
41,-0.002879485373821031,0.02635447684058706,24,0.005379585058119569
42,-0.002639243317608395,0.026158242579488056,24,0.005339528907307515
43,-0.002057102625190882,0.026168584905217188,24,0.005341640025706684
44,-0.0025963119479381113,0.02629661525040946,24,0.005367774110482806
45,-0.0026120648549507112,0.026523660316002416,24,0.005414119490426096
46,-0.002859763319263722,0.02669204202420213,24,0.0054484902626850545
47,-0.003662826504050188,0.026646227826883605,24,0.005439138478817924
48,-0.003576999524710491,0.027976212581986504,24,0.005710620480124803
49,-0.0034812948713384344,0.028656305110797683,24,0.005849443786247008
50,-0.0033000817949161844,0.0290027040365513,24,0.005920152170875725
51,-0.003033966854461516,0.029198579982157045,24,0.0059601351808439935
52,-0.0027790483441722936,0.029096470581667023,24,0.005939292186748823
53,-0.002924136725167838,0.02902437820134447,24,0.005924576391237746
54,-0.003430134948293728,0.02985708804777177,24,0.006094552576865931
55,-0.0037082575231426195,0.029848877499970488,24,0.0060928766058141095
56,-0.003165579825644019,0.03056223756039278,24,0.0062384906183904085
57,-0.00264942275533001,0.031003334288269815,24,0.00632852911093291
58,-0.002525051273128766,0.03165773570861971,24,0.006462108241500395
59,-0.0026150361904070975,0.03183275155944553,24,0.006497833202452254
60,-0.0027273208995221977,0.03181244157435216,24,0.006493687444105396
61,-0.002265651126371356,0.03166501871258171,24,0.006463594878458859
62,-0.002176211521730157,0.032225829035646955,24,0.006578069806291795
63,-0.0024768871566621165,0.031557467940470416,24,0.006441641169032606
64,-0.0024141857138436995,0.03122801829958255,24,0.006374392542689403
65,-0.0020434834483990956,0.030505612403216215,24,0.0062269320565831185
66,-0.0018003513118193162,0.029703308529764598,24,0.006063162464198539
67,-0.0020968444821377473,0.030175410346189535,24,0.006159529843938722
68,-0.001618894585368255,0.02940054898478346,24,0.006001361930868456
69,-0.0010986374162695706,0.029193790039653517,24,0.005959157437924751
70,-0.0015087408095643183,0.029556572667302036,24,0.006033210131698498
71,-0.0011116733788521778,0.029277505265488418,24,0.005976245736841198
72,-0.0016852988701329971,0.02908587085585947,24,0.005937128526778663
73,-0.0014887999546428674,0.028868837067005403,24,0.005892826690142379
74,-0.0009816864011784727,0.02875143739075157,24,0.00586886258157656
75,-0.0018120958713965067,0.02860387224342121,24,0.005838740972011726
76,-0.0012846325256579273,0.029541023099269578,24,0.006030036089415147
77,-0.0011205916659369354,0.029367803267810893,24,0.005994677739381424
78,-0.001006182920567493,0.02965695791215225,24,0.0060537011839974465
79,-0.0013140060479560768,0.029838161258490044,24,0.006090689162181815
80,-0.0016313785125385979,0.030003069978786573,24,0.0061243510137536355
81,-0.002054225393891549,0.030248552338102037,24,0.006174459890518422
82,-0.0025077534505903703,0.030810358450726057,24,0.006289138083043874
83,-0.0025025814663167455,0.030053619434405293,24,0.0061346693781737455
84,-0.00216451698772996,0.029791073501585916,24,0.006081077414052871
85,-0.0021604375903313006,0.0294016933662328,24,0.006001595526753622
86,-0.0022196496289611906,0.02976980101203049,24,0.006076735185305414
87,-0.0019912402484909687,0.02981231917222188,24,0.006085414168411315
88,-0.0023198333647182308,0.029890717645509494,24,0.006101417189758638
89,-0.00248162753799679,0.0301597008493084,24,0.006156323156315836
90,-0.00197479112536912,0.03042246698421271,24,0.006209960068999077
91,-0.0016015519963168707,0.030692966849483683,24,0.006265175622782867
92,-0.0014950021984359537,0.03133983917461507,24,0.006397217883224503
93,-0.001840972496326987,0.031830157854147036,24,0.006497303764575215
94,-0.00213040716917927,0.03171195968283439,24,0.006473176663888044
95,-0.001985703665715327,0.03076536518068184,24,0.006279953870254909
96,-0.001816879348641232,0.03100538679990016,24,0.006328948078115033
97,-0.0018431500532006984,0.030832328332704485,24,0.006293622666423568
98,-0.0023598979541875377,0.030847227920881168,24,0.006296664032124441
99,-0.002576904980337056,0.030976637354222767,24,0.006323079622090244
100,-0.001955465571795692,0.030642962374766946,24,0.006254968502123541
101,-0.001460748673986826,0.030546534794363936,24,0.0062352853046969935
102,-0.0008076422116749621,0.03077281562557469,24,0.00628147468595026
103,-0.000524728010479823,0.031332986892100456,24,0.0063958191669133205
104,-0.0009626403681414162,0.03118335597734966,24,0.006365275884339542
105,-0.0009048448968852326,0.03095305903061872,24,0.006318266716938565
106,-0.0005978727334175387,0.03129366929626686,24,0.0063877934962712135
107,-0.00045765172218480734,0.031140999707350535,24,0.006356629946930758
108,-0.0003715229962308493,0.03121979099638423,24,0.006372713151456483
109,-0.00039544594449511425,0.03155194471088082,24,0.0064405137445137095
110,-0.0003084440293263724,0.031342418361765566,24,0.006397744357596991
111,-0.0004450404476274506,0.031127416503830208,24,0.00635385728712266
112,-0.0010127025523954244,0.031391339260605236,24,0.006407730294256617
113,-0.0003250008643674839,0.03149259948218496,24,0.006428399950432575
114,-3.066098262084066e-05,0.031933873831950274,24,0.006518474699891195
115,0.0002765557485314305,0.03172507284091164,24,0.0064758533760718535
116,0.00012534600174084445,0.0313963778324273,24,0.006408758788422985
117,-0.00019651747906982526,0.031062606195764633,24,0.006340627938386556
118,-0.0003236825104550349,0.031295896057960466,24,0.006388248032098556
119,-0.0005090523609715714,0.03073496774353347,24,0.006273749019379757
120,-0.00011607968509957645,0.03067661276377371,24,0.006261837359016269
121,-0.00035495390821329827,0.030554415253117063,24,0.006236893896604011
122,-0.00025651782220736464,0.03067219143934317,24,0.006260934859946092
123,-0.0001261723440974923,0.03041821856611139,24,0.0062090928642855574
124,-3.895619533586062e-05,0.030580234603568637,24,0.0062421642494453825
125,0.00044455535180089756,0.03115746132118761,24,0.006359990159784388
126,-0.0001283033484322228,0.03175984770395013,24,0.006482951765265143
127,-0.0003263034093690326,0.03195943554567949,24,0.006523692462856835
128,-0.00016107200694677847,0.032842763481286105,24,0.006704001022672022
129,0.00013532901787498072,0.032974697415938586,24,0.006730931924310045
130,0.0002908097728157981,0.03311323205502749,24,0.006759210189099082
131,0.0001302837612382621,0.033300997051216204,24,0.00679753755845058
132,8.596167419723811e-06,0.03353660086238434,24,0.00684562998501866
133,-0.00011706955218481671,0.03321974319252081,24,0.006780951683997586
134,-1.586900351120372e-05,0.03344155288253451,24,0.006826228397375793
135,2.3115034841076552e-05,0.0331849146378852,24,0.0067738423350529285
136,0.00010655278810330043,0.03303562975248429,24,0.006743369685424421
137,-0.000384119448323668,0.03368620144148395,24,0.006876167075353571
138,-0.0003058409222276715,0.03321573922744822,24,0.006780134378049606
139,-1.0658846944355121e-06,0.03341049854505387,24,0.006819889457281812
140,-0.00030940733745831475,0.033584485315136386,24,0.006855404358006571
141,-0.0007028006237952524,0.033530348826617984,24,0.006844353793561894
142,-0.001066822112609109,0.03385354041290826,24,0.006910324999859548
143,-0.0012845556866180365,0.034057329384556974,24,0.006951923249505037
144,-0.001945157642861497,0.03442771941850927,24,0.007027528798587976
145,-0.0017733938722518498,0.034845245485135797,24,0.007112755950050165
146,-0.001664901841464851,0.03481574869738478,24,0.007106734943463402
147,-0.002114346457562526,0.035345435690704446,24,0.00721485684821525
148,-0.0025032786288639954,0.035584560755798855,24,0.007263668047731177
149,-0.002456517013199377,0.03551014088926523,24,0.007248477156086727
150,-0.0022122410755371345,0.03540181247083907,24,0.007226364710271159
151,-0.0017620251487001782,0.03522005534244767,24,0.007189263691798453
152,-0.00121789406609456,0.03514468497455382,24,0.007173878779876306
153,-0.0014375542132212934,0.035098955662058104,24,0.007164544323051074
154,-0.0011099462054841287,0.03527062799258707,24,0.007199586790780272
155,-0.0009909156125943114,0.03562196853903455,24,0.007271303879509184
156,-0.0012089107622217724,0.03579655947756461,24,0.007306942105601874
157,-0.0016781795873301675,0.035459741046982296,24,0.007238189331360898
158,-0.0014225101942567746,0.03480513447249229,24,0.007104568323879922
159,-0.0018051698191250915,0.03454901648622797,24,0.007052288458855195
160,-0.0019678106819072264,0.035133526164458924,24,0.007171600997303879
161,-0.001803710203513583,0.03498478385885363,24,0.007141239101312372
162,-0.0017240900527670533,0.03491430421509106,24,0.007126852504273087
163,-0.0018519486296104542,0.03539608837148774,24,0.0072251962833838465
164,-0.001901428242758503,0.03501859422438128,24,0.007148140613275683
165,-0.002060527756107435,0.03497123518001852,24,0.0071384734888261326
166,-0.0021545793822501423,0.03556781540993916,24,0.007260249918320954
167,-0.0023147568290625797,0.03507739619316446,24,0.007160143514891504
168,-0.0021984826561173075,0.03547065337241856,24,0.007240416800463068
169,-0.00193241512314737,0.03575527302572437,24,0.0072985145439103255
170,-0.0021161491020436425,0.036125601741452094,24,0.007374107576463086
171,-0.0016791074706474535,0.03563986224942878,24,0.007274956417848434
172,-0.0018680962674931872,0.03547884932512877,24,0.007242089792304401
173,-0.0016324684614061771,0.035321883550132556,24,0.007210049287652631
174,-0.001383317611260395,0.03528395599171448,24,0.007202307357209807
175,-0.0017326674587587515,0.03537372697269913,24,0.007220631781969931
176,-0.0012372441908814226,0.03505390491789642,24,0.007155348378407008
177,-0.001302560901989537,0.03492463274148104,24,0.007128960805893946
178,-0.0010444965421841956,0.03510694451984618,24,0.007166175041818445
179,-0.0011956157520656846,0.03516316555616841,24,0.007177651112801773
180,-0.0012634333220156125,0.035024435623014195,24,0.007149332983778586
181,-0.0013681808340514437,0.035062215482809904,24,0.007157044765366367
182,-0.0015631047776117708,0.035309493238746784,24,0.007207520125931853
183,-0.001683981520165615,0.035280725274995685,24,0.007201647889921096
184,-0.0016413069402571219,0.03506517145571614,24,0.007157648150809181
185,-0.0015102668304298762,0.03503572368137451,24,0.007151637149042713
186,-0.001504217621348014,0.03525436260338923,24,0.0071962666321134
187,-0.0015808199750474037,0.0351775227485292,24,0.007180581762420349
188,-0.0011009979077122518,0.035180259536223314,24,0.007181140406869092
189,-0.0009778459790385629,0.03515443567131347,24,0.007175869132517785
190,-0.0012222256105774232,0.03532509982350612,24,0.007210705806705842
191,-0.0017584452932684728,0.0353829013532841,24,0.007222504494564869
192,-0.0016081397233745033,0.03549098605953354,24,0.007244567192840681
193,-0.0018359535463355278,0.035602020051880956,24,0.007267231911620287
194,-0.001795147268827401,0.03538901954354124,24,0.007223753364921475
195,-0.0017755129799296983,0.03561928964690363,24,0.007270757052942793
196,-0.0019740471926053367,0.03556677957606116,24,0.007260038479616004
197,-0.0019971240732134547,0.03574126649094183,24,0.007295655471970178
198,-0.0022943781692468046,0.035671953617982255,24,0.007281507041023735
199,-0.002463250415507143,0.03590818973234596,24,0.007329728535941139
200,-0.002179020249699106,0.03591292841009169,24,0.007330695814485516
201,-0.0019691074018335026,0.035768032679107296,24,0.0073011190972505705
202,-0.001919994331434328,0.03612976824373189,24,0.007374958060179556
203,-0.0018914894201032034,0.03672704476469858,24,0.007496876619488984
204,-0.001808286799373773,0.03661490600537094,24,0.00747398639109386
205,-0.0018455930343358625,0.03659948795445348,24,0.007470839194629191
206,-0.0019100314820043025,0.03689314947746947,24,0.007530782602002336
207,-0.0017986042644906359,0.036987159601401885,24,0.007549972338193189
208,-0.0017714290258228369,0.036710982311190944,24,0.00749359788489641
209,-0.0015990893968413262,0.036696408378164916,24,0.007490622993274804
210,-0.0014941239865243928,0.03626358246141421,24,0.007402272772983839
211,-0.001644906115553294,0.03676381743126787,24,0.0075043828086203395
212,-0.001630601356091484,0.03665361943107853,24,0.007481888736025422
213,-0.0015881816805226618,0.03600515188694199,24,0.0073495208528679004
214,-0.0018326957395396833,0.03608235121512736,24,0.007365279099746218
215,-0.0017458190847578475,0.03583823198783785,24,0.007315448471141068
216,-0.0014719974264936408,0.035790826063086756,24,0.007305771777272321
217,-0.0017192270595744184,0.03574139975508999,24,0.0072956826744005115
218,-0.0016968097110656045,0.035766085722808955,24,0.007300721676460367
219,-0.0016779114429884918,0.03564918038806095,24,0.0072768584749318774
220,-0.0016054460940873449,0.03566706643133294,24,0.007280509448226355
221,-0.0015046514947195612,0.0353125311858442,24,0.007208140244286373
222,-0.001441931644869536,0.034928762678273585,24,0.007129803825711587
223,-0.0014638398192866086,0.034739369741343895,24,0.0070911441543478485
224,-0.0012040066581149704,0.03468922640012231,24,0.007080908687681919
225,-0.0014574116846101457,0.03505844479453481,24,0.007156275076845277
226,-0.0017524212077226885,0.03509031372568742,24,0.007162780295176259
227,-0.0020302662133481796,0.0351820472320913,24,0.007181505318760079
228,-0.0018934024810210485,0.035321496740154106,24,0.007209970330396413
229,-0.0020228006506310047,0.0355378626805875,24,0.007254135843044682
230,-0.001966591969620868,0.03556180945286563,24,0.007259023957467019
231,-0.0019730584003677452,0.035634945477628015,24,0.007273952786007303
232,-0.002114898045551015,0.03573498159779283,24,0.007294372573528263
233,-0.0020407502900595177,0.03550426078322326,24,0.007247276884467036
234,-0.0016937922239703,0.03542316356010412,24,0.007230722983117159
235,-0.001671705362183822,0.035370461083335004,24,0.007219965135095057
236,-0.0017441440717859734,0.0359595616805438,24,0.007340214790955923
237,-0.0016446040168522755,0.036060877583880456,24,0.007360895813122918
238,-0.0014485616273541132,0.0358073149419382,24,0.007309137555573705
239,-0.0013402459623267126,0.035703675581848955,24,0.007287982259783103
240,-0.0011995126408527932,0.03585648800888885,24,0.007319174965833438
241,-0.0009328491342257455,0.03596266475159824,24,0.007340848202682504
242,-0.0008627315351825877,0.03633909666963244,24,0.007417687046189251
243,-0.0007017621064493714,0.03683520970197437,24,0.007518955694854469
244,-0.000570961294061173,0.03671062896033966,24,0.0074935257574559235
245,-0.0008214331177972158,0.03677506484473374,24,0.007506678677280129
246,-0.0011871609392672463,0.03683263614507586,24,0.007518430369752356
247,-0.0018078867466996959,0.03718959546294579,24,0.007591294385395128
248,-0.0018025428112008184,0.0375497357623375,24,0.007664807716172033
249,-0.001456135729351048,0.03751114281955484,24,0.007656929964714537
250,-0.0014419156501531225,0.03811528818470027,24,0.007780250620970683
251,-0.0013267343228512887,0.037713557034096186,24,0.007698247593240583
252,-0.0013916590914756094,0.0378186584440734,24,0.007719701328714853
253,-0.0014689489006139997,0.037757861731194886,24,0.007707291251665614
254,-0.00153977578773267,0.03774175248662708,24,0.007704002965887879
255,-0.001426990694893394,0.03835485539333112,24,0.007829152072658054
256,-0.0015533005075790858,0.0386802298057536,24,0.007895568846474134
257,-0.0015212260531690207,0.0384213283207795,24,0.007842720802154517
258,-0.0020493762556201564,0.03839178106953894,24,0.007836689494751085
259,-0.002281324169098964,0.038121257281735016,24,0.007781469057800705
260,-0.00269671173477911,0.038432586177472736,24,0.007845018802529169
261,-0.0026308424078992135,0.038408010546257934,24,0.007840002322813911
262,-0.002556145518235407,0.03825024650408987,24,0.007807798872558022
263,-0.002507944921545453,0.03811905952158685,24,0.007781020441889036
264,-0.0023747156246370156,0.03798292095038215,24,0.007753231272408781
265,-0.0026365878562925383,0.03783639848574401,24,0.007723322499557244
266,-0.002300219386994483,0.037655872915494895,24,0.0076864728718376366
267,-0.0020460700682936894,0.03789877935045346,24,0.007736055940244889
268,-0.0018641053391780058,0.03767649041068671,24,0.007690681400420489
269,-0.0022543999881407353,0.03756418537354092,24,0.007667757230707865
270,-0.0026355322628721493,0.03782930513731842,24,0.007721874575873039
271,-0.002424749734958993,0.037736458237897695,24,0.007702922281891348
272,-0.002648110526466879,0.03785308383641751,24,0.007726728382501367
273,-0.0027077947144978584,0.03758493225524591,24,0.007671992170202124
274,-0.0028787186124753597,0.03730364771244604,24,0.007614575203336146
275,-0.0027412301813324017,0.0369768026300193,24,0.007547858230262526
276,-0.0028422306782957545,0.036954243068533205,24,0.007543253279057371
277,-0.0027846552290300805,0.036825231086342045,24,0.007516918818467923
278,-0.002959662243134929,0.03694000383472838,24,0.007540346707628204
279,-0.002955146771732428,0.036906487879057974,24,0.007533505291825351
280,-0.003063481462426228,0.03626329104842329,24,0.007402213288556158
281,-0.003311954056515148,0.036177058587555246,24,0.007384611161190223
282,-0.0032494943110514033,0.03681868310557007,24,0.007515582217489849
283,-0.0032024139769991082,0.03672359625651839,24,0.007496172695704376
284,-0.003211815850359354,0.036672659591700206,24,0.0074857752925374
285,-0.0035598535060584143,0.03678904588782586,24,0.007509532545750759
286,-0.003950279757796503,0.036864186765078286,24,0.007524870613091888
287,-0.0039997644210925535,0.03675967623599844,24,0.007503537490675728
288,-0.0040096475999938,0.03678551204212546,24,0.007508811202517784
289,-0.003867638902626627,0.036527553880862,24,0.0074561557133442785
290,-0.0037153510168970276,0.03655905873620512,24,0.00746258661501185
291,-0.0037504326540713138,0.03683148990092363,24,0.007518196393644554
292,-0.004262790844233586,0.037040472524387864,24,0.0075608547930275175
293,-0.004152195489897162,0.03699327433491715,24,0.007551220502945313
294,-0.004217781689655414,0.037534620543401676,24,0.007661722335026764
295,-0.004214019365653488,0.03715880346884819,24,0.007585008995919968
296,-0.004555305200884492,0.03749491761382674,24,0.007653618008464078
297,-0.004885313225484041,0.03740737654352679,24,0.007635748762316412
298,-0.004684871001097666,0.03741732746850898,24,0.007637779986372668
299,-0.004964838490870263,0.03753915118287974,24,0.007662647147937578
300,-0.005424114175976787,0.037690288198908135,24,0.0076934978621472794
301,-0.0056518796750119815,0.03784036263464486,24,0.007724131678063202
302,-0.005637950088241174,0.038117257396283716,24,0.007780652584601934
303,-0.006033140391744844,0.03825949235934543,24,0.007809686174859
304,-0.00569931146323499,0.0382591330279479,24,0.007809612826644626
305,-0.005615902061073766,0.03792532644501504,24,0.007741474843230663
306,-0.006027986866014798,0.03797576793279328,24,0.0077517711688076234
307,-0.005463131581754981,0.037948199798132534,24,0.00774614384688436
308,-0.006010279974777047,0.0381696152201489,24,0.0077913400806446185
309,-0.0060113896586114724,0.03842262484285966,24,0.007842985453615905
310,-0.006320274131386228,0.03822063862550716,24,0.007801755189650195
311,-0.0059414174489052915,0.03836830030520116,24,0.007831896503801243
312,-0.0057320607951952445,0.0383458945967762,24,0.007827322957720683
313,-0.0062419232579490535,0.03852881827496788,24,0.00786466209717424
314,-0.006027004834237948,0.038230811441516736,24,0.007803831707022752
315,-0.00593021422496746,0.037807992920335196,24,0.007717524237798341
316,-0.006245483705711845,0.038110992020555526,24,0.00777937367013686
317,-0.006244619265275028,0.037795427970810085,24,0.007714959428216645
318,-0.0064094715817930754,0.03792426317632471,24,0.007741257804418099
319,-0.005883921183775442,0.037714483025096744,24,0.007698436610362064
320,-0.006337243641113014,0.03763308770223936,24,0.007681821859657923
321,-0.0062514374362183925,0.03745583321568695,24,0.0076456399391018875
322,-0.005744038908430778,0.03739266164765867,24,0.0076327450967751545
323,-0.005719076318190378,0.03760229549584684,24,0.007675536426848244
324,-0.00554616622196442,0.03747404759663633,24,0.007649357934044108
325,-0.00508245419941701,0.036833912866489356,24,0.007518690979419584
326,-0.005121301998277831,0.037250563079388926,24,0.0076037393479884115
327,-0.005244232851844755,0.03720221420093459,24,0.007593870174500999
328,-0.004908368830558477,0.037514253382164305,24,0.007657564905648385
329,-0.0050947274368120035,0.03774223811295933,24,0.007704102093947851
330,-0.004950521931338789,0.03820201913997876,24,0.007797954503082053
331,-0.005184184319260686,0.038391673191375576,24,0.0078366674742132
332,-0.005456281946926451,0.03886179458629881,24,0.00793263060210715
333,-0.005440140326090433,0.038701161448368576,24,0.007899841500131217
334,-0.005555241175729468,0.038691312369152776,24,0.00789783106525497
335,-0.005456261144278658,0.03872358069865854,24,0.007904417810433396
336,-0.00556478801432654,0.03898574645623597,24,0.00795793217160797
337,-0.005841841754640441,0.03907494166957808,24,0.007976139068290209
338,-0.006169175832799836,0.0393894852962507,24,0.00804034501722291
339,-0.006633329268068227,0.03940333954754282,24,0.008043173004425742
340,-0.006527032572813747,0.039083767772013646,24,0.007977940688905599
341,-0.006627233736608593,0.03897372336889182,24,0.007955477969180797
342,-0.0065897710455427696,0.03910062199408239,24,0.00798138104257893
343,-0.0068274460028147,0.03921174554920269,24,0.008004064043282995
344,-0.006816820654119443,0.039518017901228136,24,0.008066581625348361
345,-0.0072274149438697165,0.03954717596317009,24,0.008072533489818883
346,-0.007051265839349887,0.03928950693238986,24,0.008019937019158128
347,-0.007154507920702415,0.0392121512482614,24,0.008004146856256575
348,-0.006936278701606505,0.039923492066473255,24,0.008149348692742652
349,-0.0070784239881563306,0.04013669643282012,24,0.008192868851782923
350,-0.007359605341461159,0.039703700410393054,24,0.00810448390881617
351,-0.007335592270296996,0.03943598839313944,24,0.008049837422125962
352,-0.007176376577980097,0.03902317978834956,24,0.00796557321852884
353,-0.007647062465100792,0.0391632414966682,24,0.007994163195019107
354,-0.007926500393029404,0.03928550412502632,24,0.008019119949526518
355,-0.008063717354869162,0.03917326453671785,24,0.007996209139501867
356,-0.008109865208685564,0.039230292651697383,24,0.008007849954726252
357,-0.007956749997800524,0.03920835656883671,24,0.008003372270562581
358,-0.007946129352489466,0.03958073266640286,24,0.008079383223183073
359,-0.008134266452359817,0.03976100812682451,24,0.008116181797447936
360,-0.008094838803226787,0.03925940812652225,24,0.0080137931261379
361,-0.008091106676726256,0.03982142321340698,24,0.008128513975355696
362,-0.008017035729371746,0.04023357873865651,24,0.008212644869649875
363,-0.008113349160008195,0.040118097504018395,24,0.00818907236133904
364,-0.008248585364646814,0.04041624570810393,24,0.008249931608650436
365,-0.008208632301540465,0.040412970016065905,24,0.00824926296081313
366,-0.008307284994676497,0.04089983493690476,24,0.008348643846622775
367,-0.008396561562246331,0.04082690211377626,24,0.008333756496442317
368,-0.008224874240658715,0.040706331435243846,24,0.008309145109746854
369,-0.007985112569877178,0.04095798238788858,24,0.008360513145352261
370,-0.007924624158659946,0.041172878578554804,24,0.008404378646585603
371,-0.00787131188680102,0.04143634587476222,24,0.00845815868322051
372,-0.0082387392960584,0.04191117261325078,24,0.008555082285347753
373,-0.007899337942973704,0.041802350547967826,24,0.008532869074289497
374,-0.007876573909899381,0.04169211668066676,24,0.008510367680351056
375,-0.007756336414738547,0.04139314360145048,24,0.008449340056108675
376,-0.00790304614814283,0.04248614177345819,24,0.008672447373709813
377,-0.00809315923079637,0.041755993163992665,24,0.008523406412910378
378,-0.007867447680738666,0.04132962763060237,24,0.008436374912850729
379,-0.008225481415864985,0.04169501899114391,24,0.008510960111996403
380,-0.007501598799508465,0.041114510128799284,24,0.008392464236670744
381,-0.007920946725001848,0.04063443072387296,24,0.008294468438496705
382,-0.007646056917518914,0.04061955898453902,24,0.008291432757417052
383,-0.008007378904664247,0.0410215408736142,24,0.008373486966923239
384,-0.008403205037354944,0.041829503080398484,24,0.008538411561762787
385,-0.00848327595552706,0.04157401975918608,24,0.00848626124719929
386,-0.008723006855782338,0.041800690015773266,24,0.008532530119574652
387,-0.008715507643491868,0.04217136576016951,24,0.008608193989057746
388,-0.008630659087092766,0.042294628798500135,24,0.008633354951395675
389,-0.009331202832827982,0.04303934846997276,24,0.00878537021777243
